{
    "API_HOST_ACCOUNT/accountusage/v1/validatedusers/daily":{
        "description": "Daily Validated Users",
        "startDate": "2016-01-01",
        "endDate": "2016-04-01",
        "data": [{
            "date": "2016-01-01",
            "count": 220
        }, {
            "date": "2016-01-02",
            "count": 140
        }]
    },
    "API_HOST_ACCOUNT/accountusage/v1/validatedusers/total":{
        "description": "Total Validated Users",
        "startDate": "2016-01-01",
        "endDate": "2016-04-01",
        "data": [{
            "date": "2016-01-01",
            "count": 220
        }, {
            "date": "2016-01-02",
            "count": 120
        },{
            "date": "2016-01-03",
            "count": 180
        },{
            "date": "2016-01-04",
            "count": 150
        },{
            "date": "2016-01-05",
            "count": 170
        },{
            "date": "2016-01-06",
            "count": 140
        },{
            "date": "2016-01-07",
            "count": 200
        },{
            "date": "2016-01-08",
            "count": 190
        },{
            "date": "2016-01-09",
            "count": 220
        },{
            "date": "2016-01-10",
            "count": 180
        },{
            "date": "2016-01-11",
            "count": 210
        },{
            "date": "2016-01-12",
            "count": 170
        },{
            "date": "2016-01-13",
            "count": 240
        },{
            "date": "2016-01-14",
            "count": 220
        },{
            "date": "2016-01-15",
            "count": 150
        },{
            "date": "2016-01-16",
            "count": 160
        },{
            "date": "2016-01-17",
            "count": 190
        },{
            "date": "2016-01-18",
            "count": 210
        },{
            "date": "2016-01-19",
            "count": 240
        },{
            "date": "2016-01-20",
            "count": 200
        },{
            "date": "2016-01-21",
            "count": 180
        },{
            "date": "2016-01-22",
            "count": 160
        },{
            "date": "2016-01-23",
            "count": 190
        },{
            "date": "2016-01-24",
            "count": 230
        },{
            "date": "2016-01-25",
            "count": 220
        },{
            "date": "2016-01-26",
            "count": 200
        },{
            "date": "2016-01-27",
            "count": 170
        },{
            "date": "2016-01-28",
            "count": 140
        },{
            "date": "2016-01-29",
            "count": 210
        },{
            "date": "2016-01-30",
            "count": 220
        },{
            "date": "2016-01-31",
            "count": 180
        }]
    },
    "API_HOST_ACCOUNT/accountusage/v1/activeusers/daily":{
        "description": "Daily Active Users",
        "startDate": "2016-01-01",
        "endDate": "2016-04-01",
        "data": [{
            "date": "2016-01-01",
            "count": 200
        }, {
            "date": "2016-01-02",
            "count": 180
        }]
    },
    "API_HOST_ACCOUNT/accountusage/v1/activeusers/weekly":{
        "description": "Weekly Active Users",
        "startWeek": 23,
        "endWeek": 29,
        "data": [{
            "week": 23,
            "count": 220
        }, {
            "week": 24,
            "count": 200
        }, {
            "week": 25,
            "count": 160
        }, {
            "week": 26,
            "count": 210
        }, {
            "week": 27,
            "count": 180
        }, {
            "week": 28,
            "count": 170
        }, {
            "week": 29,
            "count": 230
        }]
    },
    "API_HOST_ACCOUNT/accountusage/v1/options":{
        "referer": ["AccountWebsite", "AntiTheft", "GoFlip", "GoFlip2"],
        "device": ["GoFlip", "GoFlip2"],
        "service": ["Account"]
    }
}