{
    "API_HOST_ACCOUNT/antitheftusage/v1/enabled/sum":{
        "description": "AntiTheft Enabled Users and Devices",
        "startDate": "2016-01-01",
        "endDate": "2016-04-01",
        "device": ["GoFlip", "GoFlip2"],
        "data": [{
            "date": "2016-01-01",
            "usercount": 220,
            "devicecount": 380
        }, {
            "date": "2016-01-02",
            "usercount": 120,
            "devicecount": 180
        },{
            "date": "2016-01-03",
            "usercount": 200,
            "devicecount": 190
        },{
            "date": "2016-01-04",
            "usercount": 140,
            "devicecount": 100
        },{
            "date": "2016-01-05",
            "usercount": 210,
            "devicecount": 130
        },{
            "date": "2016-01-06",
            "usercount": 230,
            "devicecount": 170
        },{
            "date": "2016-01-07",
            "usercount": 220,
            "devicecount": 120
        },{
            "date": "2016-01-08",
            "usercount": 160,
            "devicecount": 190
        },{
            "date": "2016-01-09",
            "usercount": 200,
            "devicecount": 180
        },{
            "date": "2016-01-10",
            "usercount": 240,
            "devicecount": 160
        },{
            "date": "2016-01-11",
            "usercount": 220,
            "devicecount": 170
        },{
            "date": "2016-01-12",
            "usercount": 200,
            "devicecount": 140
        },{
            "date": "2016-01-13",
            "usercount": 190,
            "devicecount": 160
        },{
            "date": "2016-01-14",
            "usercount": 200,
            "devicecount": 190
        },{
            "date": "2016-01-15",
            "usercount": 260,
            "devicecount": 170
        },{
            "date": "2016-01-16",
            "usercount": 240,
            "devicecount": 160
        },{
            "date": "2016-01-17",
            "usercount": 185,
            "devicecount": 195
        },{
            "date": "2016-01-18",
            "usercount": 220,
            "devicecount": 180
        },{
            "date": "2016-01-19",
            "usercount": 210,
            "devicecount": 140
        },{
            "date": "2016-01-20",
            "usercount": 200,
            "devicecount": 160
        },{
            "date": "2016-01-21",
            "usercount": 220,
            "devicecount": 170
        },{
            "date": "2016-01-22",
            "usercount": 210,
            "devicecount": 190
        },{
            "date": "2016-01-23",
            "usercount": 150,
            "devicecount": 170
        },{
            "date": "2016-01-24",
            "usercount": 260,
            "devicecount": 170
        },{
            "date": "2016-01-25",
            "usercount": 230,
            "devicecount": 180
        },{
            "date": "2016-01-26",
            "usercount": 220,
            "devicecount": 150
        },{
            "date": "2016-01-27",
            "usercount": 200,
            "devicecount": 130
        },{
            "date": "2016-01-28",
            "usercount": 230,
            "devicecount": 175
        },{
            "date": "2016-01-29",
            "usercount": 190,
            "devicecount": 210
        },{
            "date": "2016-01-30",
            "usercount": 210,
            "devicecount": 180
        },{
            "date": "2016-01-31",
            "usercount": 240,
            "devicecount": 160
        }]
    },
    "API_HOST_ACCOUNT/antitheftusage/v1/lock/daily":{
        "description": "AntiTheft Lock Usage",
        "startDate": "2016-01-01",
        "endDate": "2016-04-01",
        "data": [{
            "date": "2016-01-01",
            "usercount": 190,
            "actioncount": 270
        }, {
            "date": "2016-01-02",
            "usercount": 140,
            "actioncount": 180
        }]
    },
    "API_HOST_ACCOUNT/antitheftusage/v1/wipe/daily":{
        "description": "AntiTheft Wipe Usage",
        "startDate": "2016-01-01",
        "endDate": "2016-04-01",
        "data": [{
            "date": "2016-01-01",
            "usercount": 200,
            "actioncount": 280
        }, {
            "date": "2016-01-02",
            "usercount": 160,
            "actioncount": 220
        }]
    },
    "API_HOST_ACCOUNT/antitheftusage/v1/device/options":
        ["GoFlip", "GoFlip2", "H5Watch", "Others"]
}