{
  "API_HOST_ACCOUNT/telemetry/v1/ftu/sum":{
      "description": "FTU Sum",
      "startDate": "2016-01-01",
      "endDate": "2016-04-01",
      "country": ["us,uk"],
      "chipset": ["qcom"],
      "count": 4323
  },
  "API_HOST_ACCOUNT/telemetry/v1/ftu/daily":{
      "description": "Daily FTU",
      "startDate": "2016-01-01",
      "endDate": "2016-04-01",
      "country": ["us,uk"],
      "chipset": ["qcom"],
      "data": [{
          "date": "2016-01-01",
          "count": 120
      }, {
          "date": "2016-01-02",
          "count": 100
    }, {
          "date": "2016-01-03",
          "count": 108
    }]
  },
  "API_HOST_ACCOUNT/telemetry/v1/ftu/options":{
      "country": ["us","uk"],
      "chipset": ["qcom","mtk"],
      "os": ["windows","linux"],
      "device": ["phone","ipad"],
      "operator": ["acadine","h5"]
  }
}